abavi;abavo
abbaglianti;abbagliante
abbracciamenti;abbracciamento
ablusioni;ablusione
acque;acqua
acquerelli;acquerello
acrobazie;acrobazia
actinotrici;actinotrici
acufeni;acufene
adenoidi;adenoide
aderenze;aderenza
adiacenze;adiacenza
adiaforisti;adiaforista
aerofoni;aerofono
afferenze;afferenza
agapeti;agapete
agevolazioni;agevolazione
agevolezze;agevolezza
agganci;aggancio
agi;agio
agrumi;agrume
albori;albore
alcolici;alcolico
alisei;aliseo
allagamenti;allagamento
alloggi;alloggio
alti;alto
alucce;aluccia
amarezze;amarezza
amichevolezze;amichevolezza
amicizie;amicizia
amici;amico
amistà;amistà
ampolline;ampolline
anabbaglianti;anabbagliante
anaglifi;anaglifo
analisi;analisi
sanassiridi;sanassiride
andamenti;andamento
anelletti;anelletto
anellini;anellino
anelli;anello
animelle;animella
annessi;annesso
anni;anno
anolini;anolino
antecedenti;antecedente
antecedenti;antecedente
antecessori;antecessore
antechi;anteco
antenati;antenato
antichità;antichità
antichi;antico
apostolici;apostolico
apparenze;apparenza
appartenenze;appartenenza
arcavoli;arcavolo
arie;aria
arietidi;arietide
armamenti;armamento
armati;armato
armoniche;armonica
arnesi;arnese
aromi;aroma
arredi;arredo
arretrati;arretrato
arrivi;arrivo
artiglierie;artiglieria
varzigogoli;varzigogolo
ascendenti;ascendente
ascoltatori;ascoltatore
ascritti;ascritto
aspettative;aspettativa
assaggini;assaggino
asserelle;asserella
asserelli;asserello
assicurazioni;assicurazione
astanti;astante
atavi;atavo
attacchi;attacco
attenzioni;attenzione
attese;attesa
attrazzi;attrazzo
attualità;attualità
attributi;attributo
audiovisivi;audiovisivo
aurigidi;aurigide
auspici;auspicio
autoreggenti;autoreggente
autoriparazioni;autoriparazione
autorità;autorità
avanzi;avanzo
averi;avere
avi;avo
avoli;avolo
avveniri;avvenire
avversità;avversità
avvertenze;avvertenza
avvisaglie;avvisaglia
babbaluci;babbalucia
bacchette;bacchetta
baciari;baciare
bacilli;bacillo
baffi;baffo
bagagli;bagaglio
baggy;baggy
bagni;bagno
bagordi;bagordo
baiocchi;baiocco
baionette;baionetta
ballerini;ballerino
balote;balota
banane;banana
barbe;barba
barbigi;barbigio
barbine;barbina
barbule;barbula
barde;barda
basi;base
basette;basetta
bassaridi;bassaride
bassi;basso
bastoni;bastone
batteri;batterio
battimani;battimano
batuffoli;batuffolo
bavette;bavetta
beazze;beazza
bellurie;belluria
beni;bene
bezzi;bezzo
biade;biada
bianchetti;bianchetto
bianchi;bianco
bicciolani;bicciolano
biciancole;biciancola
bicipiti;bicipite
bielidi;bielide
bigoli;bigolo
bilanceri;bilancere
bionde;bionda
bisarcavoli;bisarcavolo
bisavi;bisavo
bisogni;bisogno
blandizie;blandizia
bloomer;bloomer
boardshorts;boardshorts
bocce;boccia
bocconcini;bocconcino
bombolotti;bombolotto
bordoni;bordone
borse;borsa
botti;botto
brache;braca
braccioli;bracciolo
brachesse;brachessa
brachette;brachetta
branche;branca
bretelle;bretella
brettine;brettina
briglie;briglia
bronzi;bronzo
broccoletti;broccoletto
broccoli;broccolo
bruscolini;bruscolino
bubstone;bubstone
bucatini;bucatino
buffetterie;buffetteria
buffonisti;buffonista
buggere;buggera
burleschi;burlesco
busse;bussa
buzzolai;buzzolaio
cacchioni;cacchione
cadini;cadino
cadute;caduta
calamari;calamaro
calcole;calcola
calze;calza
calzature;calzatura
calzoncini;calzoncino
calzoni;calzone
campanelle;campanella
campi;campo
canederli;canederlo
cannatelli;cannatello
cannellini;cannellino
capellini;capellino
capitudini;capitudine
cappellacci;cappellaccio
cappelletti;cappelletto
capperi;cappero
capri;capri
capunet;capunet
carabattole;carabattola
caratteri;carattere
carichi;carico
carni;carne
carriaggi;carriaggio
carte;carta
cartacce;cartaccia
cartoons;cartoon
cascami;cascame
cascoli;cascolo
casoncelli;casoncello
castagnette;castagnetta
castagnole;castagnola
castalidi;castalide
castricoli;castricolo
catacombe;catacombe
catadupe;catadupe
catene;catena
cateratte;cateratta
cavalli;cavallo
cavallucci;cavalluccio
cavatelli;cavatello
cavoletti;cavoletto
celesti;celeste
cenci;cencio
ceppi;ceppo
vasellami;vasellame
cerati;cerato
cerimonie;cerimonia
cetere;cetera
cetolini;cetolino
cetriolini;cetriolino
chantilly;chantilly
cheche;checa
chiacchiere;chiacchiera
chiappe;chiappa
chiari;chaiaro
chifferi;chiffero
cianfrusaglie;cianfrusaglia
ciarle;ciarla
ciarpe;ciarpa
cibarie;cibaria
ciccioli;cicciolo
ciemopatie;ciemopatia
ciglia;ciglio
cilindri;cilindro
cilindroidi;cilindroide
cineserie;cineseria
cinghie;cinghia
cinturini;cinturino
ciotole;ciotola
cipressini;cipressino
circoli;circolo
circostanti;circostante
circostanze;circostanza
ciuffole;ciuffola
civaie;civaia
classici;classico
cluni;clune
coccole;coccola
coccoliti;coccolite
cocuzze;cocuzza
codette;codetta
coerenze;coerenza
coglioni;coglione
cognizioni;cognizione
colivi;colivo
collants;collant
cologli;cologlio
colombe;colomba
coloniali;coloniale
colori;colore
columbidi;columbide
comics;comic
commentatori;commentatore
commenti;commento
commerciali;commerciale
comminatorie;comminatoria
commissioni;commissione
comodità;comodità
compere;compera
competenze;competenza
comunicazioni;comunicazione
conchiglie;conchiglia
condizioni;condizione
confini;confine
conforti;conforto
connotati;connotato
conodonti;conodonte
conquistadores;conquistador
consorziati;consorziato
consultazioni;consultazione
contanti;contante
conterie;conteria
contorni;contorno
contraddizioni;contraddizione
contrarietà;contrarietà
convenzioni;convenzione
conversari;conversare
convinzioni;convinzione
coordinate;coordinata
copricapezzoli;copricapezzolo
corallini;corallino
corazze;corazza
corde;corda
coriandoli;coriandolo
corizonti;corizonte
cornetti;cornetto
corna;corno
coronarie;coronaria
coronati;coronato
corse;corsa
corzetti;corzetto
cose;cosa
costine;costina
costituzioni;costituzione
cotiledoni;cotiledone
crauti;crauto
crespe;crespa
croccantini;croccantino
crociate;crociata
crostoli;crostolo
crusche;crusca
cuffie;cuffia
cuffiette;cuffietta
cure;cura
curuli;curulo
curve;curva
daddoli;daddolo
dande;danda
deboli;debole
deficienze;deficienza
deflettori;deflettore
delicati;delicato
delineamenti;delineamento
delizie;delizia
dermatozoi;dermatozoo
derrate;derrata
dì;dì
dialoghi;dialogo
didimi;didimo
difficoltà;difficoltà
dimensioni;dimensione
dimissioni;dimissione
diritti;diritto
disordini;disordine
disponibilità;disponibilità
distinti;distinto
distinzioni;distinzione
ditali;ditale
docce;doccia
documenti;documento
dolcezze;dolcezza
dolciumi;dolciume
donzelline;donzellina
doveri;dovere
drappi;drappo
droghe;droga
dup;dup
eccessi;eccesso
economie;economia
effemeridi;effemeride
elementi;elemento
eletti;eletto
elettrici;elettrico
eliche;elica
emoderivati;emoderivato
emorroidi;emorroide
enciclopedisti;enciclopedista
energie;energia
erbe;erba
erbaggi;erbaggio
ermellini;ermellino
esperienze;esperienza
esplodenti;esplodente
esportazioni;esportazione
esterni;esterno
esteri;estero
estremi;estremo
etesii;etesio
faccende;faccenda
facelle;facella
falde;falda
falloforie;falloforia
fangose;fangosa
farinacci;farinaccio
farinacei;farinaceo
fasce;fascia
fattezze;fattezza
fatti;fatto
fauci;fauce
favidi;favido
favori;favore
fedelini;fedelino
fedini;fedino
felicitazioni;felicitazione
femminili;femminile
ferie;feria
ferocie;ferocia
ferramenta;ferramenta
ferri;ferro
ferrovie;ferrovia
ferse;fersa
fervori;fervore
festeggiamenti;festeggiamento
fettoni;fettone
fettuccine;fettuccina
fiamme;fiamma
fiamminghi;fiammingo
fibre;fibra
fiche;fica
fighters;fighter
figli;figlio
filarmonici;filarmonico
fila;filo
filoni;filone
finalità;finalità
finestre;finestra
finezze;finezza
finimenti;finimento
finiture;finitura
fiocchetti;fiocchetto
fiocchi;fiocco
fiorami;fiorame
fischietti;fischietto
fischiotti;fischiotto
flessioni;flessione
flutti;flutto
foderami;foderame
foglie;foglia
foiade;foiada
fondacci;fondaccio
fondamentali;fondamentale
fondamenta;fondamento
fondelli;fondello
fondi;fondo
fonti;fonte
foratini;foratino
forbici;forbice
forme;forma
formosità;formosità
fornimenti;fornimento
forze;forza
fosfeni;fosfene
fossette;fossetta
frantumi;frantume
frappe;frappa
frasche;frasca
frasconi;frascone
frattaglie;frattaglia
fregne;fregna
fresine;fresina
friulane;friulana
frogie;frogia
fronde;fronda
frontiere;frontiera
fronze;fronza
fronzoli;fronzolo
frou–frou;frou–frou
frumenti;frumento
frutti;frutto
fumetti;fumetto
fumi;fumo
funami;funame
funghi;fungo
funzioni;funzione
fusaglie;fusaglia
fuseau;fuseau
fusilli;fusillo
fusi;fuso
futuri;futuro
gaie;gaia
gale;gala
galani;galano
gande;ganda
garganelli;garganello
gargarismi;gargarisma
garge;gargia
gatte;gatta
gavine;gavina
gelosie;gelosia
generi;genero
generici;generico
gengive;gengiva
gerarchie;gerarchia
germi;germe
gesti;gesto
gestri;gestro
ghianderini;ghianderino
giacenze;giacenza
gialli;giallo
giapponeserie;giapponeseria
giardinetti;giardinetto
gioie;gioia
giornalieri;giornaliero
giorni;giorno
giostre;giostra
glitters;glitter
glorie;gloria
glutei;gluteo
gnocchi;gnocco
gobbi;gobbo
gonne;gonna
gonnelle;gonnella
governanti;governante
gradi;grado
graffiti;graffito
granaglie;granaglia
grappette;grappetta
grassoli;grassolo
gravicettori;gravicettore
grazie;grazia
grenadine;grenadina
griccioli;gricciolo
griffe;griffa
griselle;grisella
grofi;grofo
guai;guaio
guancette;guancetta
guanti;guanto
guantoni;guantone
guardareggitori;guardareggitore
guide;guida
gusti;gusto
hezbollah;hezbollah
iconolatri;iconolatro
idee;idea
idrazine;idrazina
idroscì;idroscì
ignoti;ignoto
imbutini;imbutino
imenei;imeneo
immortali;immortale
importazioni;importazione
imprese;impresa
imprevisti;imprevisto
incantesimi;incantesimo
incerti;incerto
incipienti;incipiente
inclinazioni;inclinazione
incombenti;incombente
incomprensioni;incomprensione
incunaboli;incunambolo
indagini;indagine
indentazioni;indentazione
indiscernibili;indiscernibile
infiammabili;infiammabile
infrastrutture;infrastruttura
iniziali;iniziale
iniziamenti;iniziamento
innocenti;innocente
insaccati;insaccato
insegne;insegna
intellettuali;intellettuale
intemperanze;intemperanza
intemperie;intemperia
interni;interno
intimità;intimità
intorni;intorno
intrigoni;intrigone
invenie;invenia
invenzioni;invenzione
inverosimiglianze;inverosimiglianza
ipaspisti;ipaspista
ipereti;iperete
ire;ira
istanze;istanza
istituzioni;istituzione
istruzioni;istruzione
knickerbockers;knickerbocker
lacrime;lacrima
lacune;lacuna
lambrecchini;lambrecchino
languori;languore
lanterne;lanterna
lappole;lappola
lasagne;lasagna
laterizi;laterizio
latinucci;latinuccio
latomie;latomia
latticini;latticino
lavori;lavoro
leggings;legging
legumi;legume
leliard;leliard
lemuri;lemure
lenti;lente
lenticchie;lenticchia
lentiggini;lentiggine
epridi;epride
lettere;lettera
levaldine;levaldina
lineature;lineatura
linguine;linguina
lini;lino
liquidi;liquido
locali;locale
luccianti;lucciante
luci;luce
ludi;ludo
lumache;lumaca
lupini;lupino
maccheroni;maccherone
macchine;macchina
madamerie;madameria
maestranze;maestranza
magnificenze;magnificenza
maleparole;maleparola
malcontenti;malcontento
malfatti;malfatto
maltagliati;maltagliato
mamertini;mamertino
mancanti;mancante
mancanze;mancanza
maneghi;manego
manette;manetta
maniere;maniera
manopole;manopola
mantelletti;mantelletto
marenghi;marengo
marosi;maroso
maroni;marone
masserizie;masserizia
materialità;materialità
matine;matina
maxitagli;maxitaglio
mazzetti;mazzetto
meandri;meandro
media;medium
mene;mena
meningi;meninge
meraviglie;meraviglia
merie;meria
messaggerie;messaggeria
messe;messa
mestrui;mestruo
metalli;metallo
metodi;metodo
mezzanelli;mezzanello
mezzani;mezzano
microbi;microbo
midolle;midolla
midolli;midollo
mimose;mimosa
minacce;minaccia
minchionerie;minchioneria
minerve;minerva
minislips;minislip
minugie;minugia
minutaglie;minutaglia
minutenze;minutenza
minuterie;minuteria
minuzie;minuzia
mioritmie;mioritmia
miracoli;miracolo
miserie;miseria
misure;misura
mitene;mitena
moderni;moderno
modi;modo
molestie;molestia
molle;molla
mollette;molletta
mollezze;mollezza
molliche;mollica
momenti;momento
mondiali;mondiale
montuosità;montuosità
morbidezze;morbidezza
morbiglioni;morbiglione
morici;morice
morse;morsa
mostreggiature;mostreggiatura
motaci;motace
motorizzazioni;motorizzazione
muffole;muffola
municipali;municipale
munizioni;munizione
murazzi;murazzo
muscoli;muscolo
mustacchi;mustacchio
mutande;mutanda
mutandine;mutandina
mutandoni;mutandone
nacchere;nacchera
napoleonidi;napoleonide
napoletani;napoletano
narcodollari;narcodollaro
narcolire;narcolira
nastrini;nastrino
nati;nato
naturali;naturale
nausee;nausea
nazareni;nazareno
nazionali;nazionale
nervi;nervo
nespole;nespola
nidi;nido
ninni;ninno
noachidi;noachide
noiosità;noiosità
nonni;nonno
noodles;noodle
nozioni;nozione
nudità;nudità
nughe;nuga
occhiaie;occhiaia
occhiali;occhiale
occhialoni;occhialone
offelle;offella
officine;officina
oligarchici;oligarchico
olimpiadi;olimpiade
onde;onda
onoranze;onoranza
onori;onore
opanke;opanka
open;open
opere;opera
ordinamenti;ordinamento
ordini;ordine
occhiere;occhiera
orecchiette;orecchietta
orecchioni;orecchione
orientamenti;orientamento
orizzontali;orizzontale
orme;orma
orpelli;orpello
orrori;orrore
ortaggi;otaggio
osservanze;osservanza
ostilità;ostilità
ostri;ostro
overalls;overall
paccheri;pacchero
padri;padre
paglie;paglia
pagliuzze;pagliuzza
palle;palla
palline;pallina
palmisti;palmista
paltrufali;paltrufalo
paludi;palude
pampini;pampino
panagglutinine;panagglutinina
panie;pania
pannamenti;pannamento
panni;panno
pansotti;pansotto
pantacollant;pantacollant
pantajazz;pantajazz
pantaloncini;pantaloncino
pantaloni;pantalone
pantavento;pantavento
pappardelle;pappardella
paraggi;paraggio
paralleli;parallelo
paranoie;paranoia
paraolimpiadi;paraolimpiade
parerghi;parergo
parole;parola
parti;parte
partenze;partenza
pasdarans;pasdaran
passatelli;passatello
passatini;passatino
pasticci;pasticcio
pastinacci;pastinaccio
patatine;patatina
patimenti;patimento
patrioti;patriota
pattine;pattina
pattini;pattino
paturnie;paturnia
pedignoni;pedignone
pellicine;pellicina
peloidi;peloide
pelucchi;pelucchio
penati;penate
pendenti;pendente
pendentini;pendentino
penere;penera
penetrali;penetrale
penicilli;penicilio
penne;penna
pennacchine;pennacchina
pennacchi;pannacchio
pennidi;pennide
pensierini;pensierino
pensieri;pensiero
pensili;pensile
pentolini;pentolino
peperini;paperino
perciatelli;perciatello
perdite;perdita
peregrinazioni;peregrinazione
periechi;perieco
peripezie;peripezia
perline;perlina
persiane;persiana
pesche;pesca
peste;pesta
petrodollari;petrodollaro
pettorali;pettorale
phylè;phylè
piegamenti;piegamento
piegoline;piegolina
pilotis;pilotis
pinakes;pinax
pinze;pinza
pinzillacchere;pinzillacchera
pipe;pipa
pippe;pippa
piume;piuma
pizzoccheri;pizzocchero
platform;platform
polpe;polpa
polveri;polvere
pome;poma
pomi;pomo
pompeiani;pompeiano
pontremolesi;pontremolese
popolari;popolare
porosità;porosità
posate;posata
possedimenti;possedimento
possessi;possesso
possibilità;possibilità
posterghi;postergo
posteriorità;posteriorità
posteri;postero
postumi;postumo
potenti;potente
potenziali;potenziale
potenzialità;potenzialità
pratiche;pratica
preamboli;preambolo
preci;prece
precedenti;precedente
precipitazioni;precipitazione
precogniti;precognito
predecessori;predecessore
preferenze;preferenza
preleggi;prelegge
preparativi;preparativo
presaghe;presaga
presentazioni;presentazione
presenti;presente
presse;pressa
prestazioni;prestazione
preteriti;preterito
pretoriani;pretoriano
previdenze;previdenza
previsioni;previsione
preziosità;preziosità
preziosi;prezioso
priamidi;priamide
primi;primo
primogenitori;primogenitore
primordi;primoridio
principi;principio
privazioni;privazione
proavi;proavo
proboviri;proboviro
procuratie;procuratia
professorini;professorino
profiteroles;profiterole
profitti;profitto
profondità;profondità
profumerie;profumeria
progenitori;progenitore
proiettili;proiettile
pronipoti;pronipote
propilei;propileo
propinqui;propinquo
prospettive;prospettiva
prossimamente;prossimamente
proventi;provente
provvidenze;provvidenza
provvisioni;provvisione
provviste;provvista
pubblicazioni;pubblicazione
pugillari;pugillare
pulizie;pulizia
purgazioni;purgazione
quadrelli;quadrello
quadrette;quadretta
quadretti;quadretto
quadrettoni;quadrettone
quadrigliati;quadrigliato
quadri;quadro
quadrotti;quadrotto
quagliette;quaglietta
quaresimali;quaresimale
quattrinelli;quattrinello
quattrini;quattrino
quipi;quipo
quiriti;quirite
rachimburghi;rachimburgo
radioservizi;radioservizio
radiotrasmissioni;radiotrasmissione
raffaellesche;raffaellesca
raffinatezze;raffinatezza
raffiuoli;raffiuolo
ragazzi;ragazzo
ragioni;ragione
ramage;ramagia
ramen;ramen
rancori;rancore
ranghi;rango
rapaccini;rapaccino
rapporti;rapporto
ravioli;raviolo
recchiatelle;recchiatella
redini;redine
reduttoni;reduttone
referenze;referenza
regalie;regalia
reginali;reginale
regi;regio
regolari;regolare
reliquie;reliquia
rendite;rendita
repubblicani;repubblicano
repubblichini;repubblichino
resti;resto
reticulidi;reticulide
retrovie;retrovia
rezzinelle;rezzinella
ricambi;ricambio
ricami;ricamo
ricchezze;ricchezza
ricciarelle;ricciarella
ricci;riccio
ricercatezze;ricercatezza
richiesti;richiesto
ricordi;ricordo
riduzioni;riduzione
rifiniture;rifinutura
rifiuti;rifiuto
rifornimenti;rifornimento
rifreddi;rifreddo
rigatoni;rigatone
rilievi;rilievo
rime;rima
rimanenze;rimanenza
rincalzi;rincalzo
rincontri;rincontro
rinforzi;rinforzo
rinfuse;rinfusa
ringraziamenti;ringraziamento
rinunce;rinuncia
riposi;riposo
rischi;rischio
risorse;risorsa
risparmi;risparmio
rispetti;rispetto
ristorni;ristorno
ristrettezze;ristrettezza
risultanze;risultanza
ritorte;ritorta
ritti;ritto
romulidi;romulide
rondinelle;rondinella
rosselle;rossella
rosselli;rossello
rossetti;rossetto
rosticci;rosticcio
rotaie;rotaia
rotondità;rotondità
rottami;rottame
rovine;rovina
rubini;rubino
ruderi;rudere
rurali;rurale
ruspi;ruspo
ruspoli;ruspolo
rusponi;ruspone
ruteni;ruteno
sabbie;sabbia
sabbiature;sabbiatura
saccobronchi;saccobronco
salamelecchi;salamelecco
salati;salato
sali;sale
salicilici;salicilici
salmerie;salmeria
salumi;salume
salutissimi;salutissimo
sancarlini;sancarlino
sanitari;sanitario
santissimi;santissimo
santore;santora
sanzioni;sanzione
sartie;sartia
saturnali;saturnale
savi;savo
scadenze;scadenza
scartoffie;scartoffia
scasimi;scasimo
scatolati;scatolato
scazzi;scazzo
schemi;schema
scherne;scherna
schettini;schettino
schiavettoni;schiavettone
schiavoni;schiavone
schisi;schiso
scienze;scienza
scontri;scontro
scorie;scoria
scuse;scusa
secolari;secolare
sedanini;sedanino
sedani;sedano
selci;selce
selezioni;selezione
sembianze;sembianza
semi;seme
semenze;semenza
seminudità;seminudità
sentimenti;sentimento
serve;serva
servizi;servizio
seste;sesta
seterie;seteria
sevizie;sevizia
sfrenatezze;sfrenatezza
sgoccioli;sgocciolo
sì;sì
singhiozzi;singhiozzo
skills;skill
slips;slip
smagi;smagio
smancerie;smanceria
smanie;smania
smorfie;smorfia
sneakers;sneaker
soccorsi;soccorso
sofferenze;sofferenza
soldati;soldato
soldini;soldino
soldi;soldo
soldoni;soldone
soli;solo
sorbe;sorba
sorbole;sorbola
sostanze;sostanza
sottaceti;sottaceto
sottotitoli;sottotitolo
spade;spada
spaghetti;spaghetto
sparterie;sparteria
specie;specie
spezie;spezia
spezierie;spezieria
spiccioli;spicciolo
spigolature;spigolatura
spigoli;spigolo
spine;spina
spinaci;spinacio
spoglie;spoglia
spogli;spoglio
sponsalizi;sponsalizio
spuntature;spuntatura
spurghi;spurgo
squasimodei;squasimodeo
stabilimenti;stabilimento
stampe;stampa
stampite;stampita
stanze;stanza
steccobende;steccobenda
stelle;stella
stellette;stelletta
stelline;stellina
stenti;stento
stigli;stiglio
stime;stima
stoppacci;stoppaccio
stoppie;stoppia
stortini;stortino
stoviglie;stoviglia
stoviglierie;stoviglieria
straccali;straccale
stracci;straccio
strangolapreti;strangolaprete
strangoli;strangolo
stranguglioni;stranguglione
stranieri;straniero
stravizi;stravizio
strozzapreti;strozzaprete
studenteschi;studentesco
stuzzichini;stuzzichino
suffumigi;suffumigio
suoli;suolo
superfluità;superfluità
superpoteri;superpotere
suppellettili;suppellettile
svenie;svenia
svolazzi;svolazzo
tabi;tabe
tagliarelli;taglierello
tagliatelle;tagliatella
tagliolini;tagliolino
tajarin;tajarin
tarocchi;tarocco
tauridi;tauride
tecnologici;tecnologico
tegoline;tegolina
tele;tela
teleoperazioni;teleoperazione
tempere;tempera
tempeste;tempesta
temporalità;temporalità
tempre;tempra
tenaglie;tenaglia
tendaggi;tendaggio
tenebre;tenebra
tenerezze;tenerezza
tenerumi;terenume
teorie;teoria
terbidi;terbide
termini;termine
terraglie;terraglia
terrieri;terriero
tipi;tipo
titoli;titolo
toghe;toga
tonsille;tonsilla
topini;topino
torbidi;torbido
tortelli;tortello
tortellini;tortellino
tortelloni;tortellone
tortiglioni;tortiglione
trampoli;trampolo
trapassati;trapassato
trasformazioni;trasformazione
tratti;tratto
trebbie;trebbia
trefoni;trefone
treguani;treguano
renette;renetta
trials;trial
trisavi;trisavo
trisavoli;trisavolo
tristezze;tristezza
troccoli;troccolo
trofie;trofia
trombe;tromba
tronchesi;tronchese
tropici;tropico
truppe;truppa
turbe;turba
turbolenze;turbolenza
uguali;uguale
umani;umano
umeboshi;umeboshi
umili;umile
universiadi;universiade
uova;uovo
urenti;urente
urla;urlo
utilities;utility
vacanze;vacanza
vacche;vacca
vaghezze;vaghezza
valori;valore
vanni;vanno
vapori;vapore
vedute;veduta
veggioli;veggiolo
velacci;velaccio
velaccioni;velaccione
veleni;veleno
veliti;velite
verdoni;verdone
vermicelli;vermicello
verticali;verticale
vertigini;vertigine
vestigi;vestigio
vettovaglie;vettovaglia
vezzi;vezzo
vicissitudini;vicissitudine
videoatti;videoatto
vimini;vimine
vinacce;vinaccia
viole;viola
viterie;viteria
viventi;vivente
voci;voce
voglie;voglia
voti;voto
vulcaniti;vulcanite
wonton;wonton
zanne;zanna
zatteroni;zattenore
zebedei;zebedeo
ziti;zito
acque;acqua
adattili;adattilo
addominali;addominale
affari;affare
affini;affine
afroasiatici;afrosidiaco
aggruppamenti;aggruppamento
agiografi;agiografo
agonali;agonale
aiuti;aiuto
alberghieri;alberghiero
alimentari;alimentare
alimenti;alimento
allievi;allievo
alpini;alpino
amiclei;amicleo
amori;amore
anagnosti;anagnosta
anelli;anello
angiporti;angiporto
anni;anno
anticaglie;anticaglia
antichità;antichità
antipodi;antipode
appartamenti;appartamento
approvvigionamenti;approvvigionamento
archi;arco
aridi;arido
armi;arma
armatoli;armatolo
arresti;arresto
arrivi;arrivo
artigiani;artigiano
assai;assai
assoluti;assoluto
attinenze;attinenza
atti;atto
attrattive;attrattiva
attrezzi;attrezzo
attributi;attributo
attribuzioni;attribuzione
auguri;augurio
austridi;austride
autoaccessori;autoaccessorio
autoricambi;autoricambio
autorità;autorità
azuleni;azulene
bagnature;bagnatura
bagni;bagno
baniani;baniano
baracconi;baraccone
barbine;barbina
barelle;barella
basette;basetta
bassifondi;bassofondo
bastoncelli;bastoncello
battole;battola
bellezze;bellezza
bersaglieri;bersagliere
bestini;bestino
bianchi;bianco
birilli;birillo
blindamenti;blindamento
boccette;boccetta
bocce;boccia
bollicine;bollicina
borsette;borsetta
bottelli;bottello
bracaloni;bracalone
braccia;braccio
bruscandoli;bruscandolo
bruschette;bruschetta
bruscolini;bruscolino
brutte;brutta
buche;buca
budella;budello
burattini;burattino
caccole;caccola
cadetti;cadetto
calcioni;calcione
calcionetti;calcionetto
calorie;caloria
calze;calza
calzettoni;calzettone
camere;camera
campanelli;campanello
cannelloni;cannellone
cannolicchi;cannolicchio
cannoncini;cannoncino
capelli;capello
capitolazioni;capitolazione
capitoli;capitolo
caporali;caporale
carabinieri;carabiniere
carni;carne
cari;caro
carristi;carrista
casalinghi;casalingo
casuali;casuale
cavoli;cavolo
cazzi;cazzo
celeri;celere
cembali;cembalo
cembanelle;cembanelle
ceneri;cenere
cento;cento
centodieci;centodieci
ceppi;ceppo
cerchietti;cerchietto
cereali;cereale
cernite;cernita
cervella;cervello
cesoie;cesoia
cheliceri;chelicero
chiacchiere;chiacchiera
chieriche;chierica
ciclisti;ciclista
cieli;cielo
cinelle;cinella
cinquecento;cinquecento
cinquemila;cinquemila
cinquemila;cinquemila
cocci;coccio
colombi;colombo
comacini;comacino
comandamenti;comandamento
cominci;comincio
commestibili;commestibile
comodità;comodità
complicazioni;complicazione
complimenti;complimento
comunanze;comunanza
comuneros;comunero
conclusioni;conclusione
concordanze;concordanza
concubini;concubino
condoglianze;condoglianza
confessioni;confessione
confini;confine
coniugi;coniuge
connessi;connesso
conoscenze;conoscenza
consumi;consumo
contigie;contigia
convenevoli;convenevole
convenienze;convenienza
conversazioni;conversazione
coppe;coppa
corbezzole;corbezzola
corbezzoli;corbezzolo
cordiglieri;cordigliere
cortesie;cortesia
cose;cosa
coste;costa
costruzioni;costruzione
credenziali;credenziale
crudités;crudité
cumbessias;cumbessia
cuori;cuore
danni;danno
delicatezze;delicatezza
denari;denaro
destini;destino
destre;destra
devozioni;devozione
diaconici;diaconico
diavolilli;diavolillo
diecimila;diecimila
difese;difesa
diletti;diletto
dintorni;dintorno
dioscuri;dioscuro
discorsi;discorso
distruzioni;distruzione
disubbidienti;disubbidiente
ditalini;ditalino
doglie;doglia
dolci;dolce
dolori;dolore
doposcì;doposcì
duecento;duecento
effetti;effetto
elementi;elemento
elezioni;elezione
ellenisti;ellenista
energie;energia
epigoni;epigone
erbette;erbetta
erbucce;erbuccia
esami;esame
esteri;estero
estremità;estremità
esuvie;esuvia
dei;dio
eurasiatici;eurasiatico
evacuazioni;evacuazione
facoltà;facoltà
fagioli;fagiolo
falde;falda
fanghi;fango
farfalle;farfalla
fattacci;fattaccio
fatti;fatto
fauci;fauce
favoriti;favorito
fazioni;fazione
febbri;febbre
fenoli;fenolo
ferri;ferro
feste;festa
fette;fetta
fianchi;fianco
fiati;fiato
fibre;fibra
filarchi;filarco
fili;filo
finanze;finanza
fini;fine
fiori;fiore
fiorentini;fiorentino
fioretti;fioretto
fischiate;fischiata
flegoni;flegone
foci;foce
fogne;fogna
fondamenta;fondamento
forbici;forbice
formiche;formica
fortori;fortore
forze;forza
fosforescenze;fosforescenza
frasami;frasame
frascherie;frascheria
fratelli;fratello
fraterie;frateria
freccette;freccetta
frinzelli;frinzello
fronde;fronda
fucilieri;fuciliere
funerali;funerale
fuscellini;fuscellino
fusi;fuso
gabbie;gabbia
galácticos;galáctico
gangherini;gangherino
garoni;garone
gemelli;gemello
generalità;generalità
genitali;genitale
genitori;genitore
genti;gente
gentili;gentile
germini;germine
gesta;gesto
ghette;ghetta
gianchetti;gianghetto
giochi;gioco
gobbe;gobba
goliardi;goliardo
granelli;granello
grani;grano
grazie;grazia
grezzoni;grezzone
grida;grido
grisonidi;grisonide
groviglioli;grovigliolo
guarentigie;guarentigia
guide;guida
gusti;gusto
idrazine;idrazina
immortali;immortale
impedimenti;impedimento
impegni;impegno
imperiali;imperiale
improperi;impropero
incombusti;incombusto
infantigliole;infantigliola
inferie;inferia
inizi;inizio
insistenze;insistenza
interessi;interesse
interiori;interiore
internazionali;internazionale
interregionali;interregionale
intese;Intesa
intestini;intestino
istituzioni;istituzione
istruzioni;istruzione
jeans;jeans
labbia;labbia
labbra;labbro
lagunari;lagunare
lancieri;lanciere
latticini;latticino
lattimelle;lattimella
laudi;laude
legni;legno
legumi;legume
lettere;lettera
lezioni;lezione
lieviti;lievito
lilleri;lillero
linee;linea
lineamenti;lineamento
lingue;lingua
livellatori;livellatore
lontananze;lontananza
lonze;lonza
lumi;lume
lupercali;lupercale
lussi;lusso
macerie;maceria
macrochete;macrocheta
macrolidi;macrolide
madonne;madonna
maggiori;maggiore
maghetti;maghetto
magi;magio
maltrattamenti;maltrattamento
manette;manetta
mani;mano
marionette;marionetta
mazzetti;mazzetto
meditazioni;meditazione
mele;mela
membra;membro
memorie;memoria
meno;meno
merci;merce
merengue;merengue
mesi;mese
mestieri;mestiere
mestole;mestola
metecie;metecia
mezzi;mezzo
migliarini;migliarino
miglia;miglio
mignatte;mignatta
milizie;milizia
mille;mille
millecinquecento;millecinquecento
mine;mina
misteri;mistero
mode;moda
modalità;modalità
monachetti;monachetto
monachine;monachina
mosche;mosca
moschette;moschetta
mura;muro
mutandoni;mutandone
nastri;nastro
natali;natale
natiche;natica
nativi;nativo
nazionali;nazionale
nefasti;nefasto
neri;nero
nervetti;nervetto
nervi;nervo
nicchie;nicchia
ninfe;ninfa
nonni;nonno
novelli;novello
novissimi;novissimo
numerati;numerato
numeri;numero
obbrobri;obbrobrio
oblate;oblata
occhiali;occhiale
occorrenze;occorrenza
odori;odore
offerte;offerta
omaggi;omaggio
ombrellini;ombrellino
orecchioni;orecchione
oreficerie;oreficieria
origini;origine
ormeggi;ormeggio
ori;oro
ossequi;ossequio
ossa;osso
ostacoli;ostacolo
ostilità;ostilità
ottocento;ottocento
ottoni;ottone
ozi;ozio
pacifici;pacifico
padri;padre
paglietti;paglietto
palanche;palanca
palloncini;palloncino
pali;palo
pandette;pandetta
pannolini;pannolino
pantofole;pantofola
paraggi;paraggio
parallele;parallela
passati;passato
pecchie;pecchia
penne;penna
pennelli;pennello
pennini;pennino
percosse;percossa
percussioni;percussione
perle;perla
persone;persona
pesi;peso
peste;pesta
pezzami;pezzame
piatti;piatto
picche;picca
pinze;pinza
pippioni;pippione
più;più
pizzi;pizzo
polpe;polpa
polposità;polposità
polsini;polsino
polverini;polverino
pori;poro
postille;postilla
prasini;prasino
predicabili;predicabile
preferenze;preferenza
preliminari;preliminare
presidenziali;presidenziale
pressi;presso
primi;primo
principi;principio
privative;privativa
progressi;progresso
proporzioni;proporzione
puntine;puntina
puntolini;puntolino
quaderni;quaderno
quadri;quadro
quadrucci;quadruccio
quirinali;quirinale
ragazzi;ragazzo
raggi;raggio
ragionamenti;ragionamento
ragioni;ragione
rallegramenti;rallegramento
reflui;refluo
reginelle;reginella
reginette;reginetta
regionali;regionale
regole;regola
respingenti;respingente
resti;resto
rias;ria
ricce;riccia
ricorrenze;ricorrenza
ricorsi;ricorso
rigaglie;rigaglia
rigatini;rigatino
rimanenti;rimanente
rinchiuse;rinchiusa
rinfreschi;rinfresco
ristori;ristoro
ritorti;ritorto
riverenze;riverenza
rostri;rostro
rotelle;rotella
rotti;rotto
rulli;rullo
sacramentali;sacramentale
saltelli;saltello
sapori;sapore
saturnali;saturnale
savari;savaro
scacchi;scacco
scene;scena
schemi;schema
scopettoni;scopettone
scorie;scoria
secoli;secolo
sensi;senso
sentenze;sentenza
servizi;servizio
siepi;siepe
signori;signore
signorie;sognoria
sinistre;sinistra
sinottici;sinottico
soglie;soglia
solitari;solitario
sonaglini;sonaglino
spaghetti;spaghetto
spalle;spalla
spallacci;spallaccio
spalti;spalto
specie;specie
spedizioni;spedizione
speranze;speranza
spiedini;spiedino
sponsali;sponsale
sposini;sposino
sposi;sposo
stelle;stella
stellette;stelletta
straccetti;straccetto
stracci;straccio
strettezze;strettezza
strisce;striscia
struffoli;struffolo
strumenti;strumento
studi;studio
sughi;sugo
suoceri;suocero
suste;susta
svanziche;svanzica
tabacchi;tabacco
taglieri;tagliere
talari;talare
tamburini;tamburino
tasche;tasca
tastiere;tastiera
tavelle;tavella
tavole;tavola
teghe;tega
telecomunicazioni;telecomunicazione
tempie;tempia
tenaglie;tenaglia
tenebre;tenebra
termini;termine
terzi;terzo
tessili;tessile
torcinelli;torcinello
tortorelle;tortorella
trasmissioni;trasmissione
trasporti;trasporto
tripoline;tripolina
trombe;tromba
tubetti;tubetto
ultimissime;ultimissima
universali;universale
urne;urna
valori;valore
varia;varia
vecchi;vecchio
vecchioni;vecchione
veci;vece
veda;veda
vedute;veduta
vegetanti;vegetante
vele;vela
verdoni;verdone
vergogne;vergogna
vermi;verme
versi;verso
vesti;veste
vetrerie;vetreria
vetrine;vetrina
vibrisse;vibrissa
vicennali;vicennale
vicinanze;vicinanza
vizi;vizio
voglie;voglia
voleri;volere
volontà;volontà
zanche;zanca
zebre;zebra
zebrati;zebrato
zii;zio
zolle;zolla
addenda;addendum
adiafora;adiaforon
alfa–idrossi–acidi ;alfa–idrossi–acido
ambarvali;ambarvale
analecta;analecta
analemmata;analemma
annali;annale
appendizie;appendizia
aresterie;aresteria
assets ;asset
begliuomini;begliuomini
burgenses ;burgensis
calende;calenda
calzebrache ;calzabraca
carmentali;carmentale
cerealie ;cerealia
collectanea;collectaneum
compitali ;compitale
coperchiole ;coperchiola
corn–flakes;corn–flake
cortes;corte
cosmi;cosmo
croquants ;croquant
culottes;culotte
data;datum
delikatessen;delikatesse
desiderata;desideratum
efeti;efeto
elementari;elementare
emblemata;emblema
entomata;entoma
equirrie;equirria
erotemata;erotema
esequie;esequia
excerpta;excerptum
exsiccata;exsiccatum
feci;feci
fontinalie;fontinalia
furrinalie;furrinalia
fusa;fuso
gozos;gozo
guagnele;guagnela
guidelines;guideline
hands;hand
ilarie;ilaria
interiora;interiore
karren;karre
king;king
kitas;kitas
lanciers;lancier
latrunculi;latrunculo
levellers;leveller
librettine;librettina
lochi;loco
logia;logion
magistrali;magistrale
malebranche;malebranca, malabranca
mandata;mandatum
manubie;manubia
marginalia;marginale
matralie;matralia
matronalie;matronalia
medie;media
memorabilia;memorabile
micropolveri;micropolvere
militaria;militare
millanni;millanno
minimalia;minimale
mirabilia;mirabile
mirabilie;mirabilia
murales;mural
nari;nare
narodniki;narodnik
nemorali;nemorale
neoteroi;neoteros
news;new
none;nona
nundine;nundina
oaks;oak
offendicula;offendiculum
oralia;orale
paganali;paganale
palilie;palilia
paraphernalia;paraphernale
parentali;parentale
parentalie;parentalia
portunali;portunale
precordi;precordi
principia;principium
pudenda;pudendo
qedeshim;qedesh
quarantore;quarantora
quattrossa;quattrosso
quiquatrie;quiquatria
quintigliati;quintigliati
ragas;ragas
rails;rail
recentissime;recentissima
recuperatores;recuperator
reni;rene
rosalie;rosalia
salvatorie;salvatoria
scholia;scholion, scolio
schützen;schütze
shorts;short
smerdy;smerd
sovrapantaloni;sovrapantalone
stigmate;stigma
superiori;superiore
surges;surge
tacculas;taccula
talisie;talisia
tapas;tapa
taurocatapsie;taurocatapsia
tempora;tempus
tempore;tempora
terme;terma
tesmoforie;tesmoforia
timbales;timbal
traps;trap
traveggole;traveggola
triacadi;triacade
trittie;trittia
veneralie;veneralia
verba;verbum
vicanalia;vicanale
vinalie;vinalia
xenia;xenios